{
  "accuracy": 0.6680080482897385,
  "f1_macro": 0.6067997067565053,
  "f1_weighted": 0.6515042991637037,
  "n_train": 1984,
  "n_test": 497,
  "ngram_range": [
    1,
    2
  ],
  "max_features": 100000,
  "min_df": 2,
  "C": 2.0,
  "max_iter": 2000
}